{"SAC_9_0": [6.198883056640625e-06, 0.00020110607147216797, 0.00020110607147216797, 0.00020110607147216797, 0.00020110607147216797, 0.00020110607147216797, 0.00020110607147216797, 0.00020110607147216797, 0.00020110607147216797, 0.00020110607147216797], "SAC_10_0": [0.0002187490463256836, 0.0002187490463256836, 0.0002187490463256836, 0.0002187490463256836, 0.0002187490463256836, 0.0002187490463256836, 0.0002187490463256836, 0.0002187490463256836, 0.0002187490463256836, 0.0002187490463256836], "SAC_3_0": [0.00020641088485717773, 0.00020641088485717773, 0.00020641088485717773, 0.00020641088485717773, 0.00020641088485717773, 0.00020641088485717773, 0.00020641088485717773, 0.00020641088485717773, 0.00020641088485717773, 0.00020641088485717773], "SAC_6_0": [0.00020110607147216797, 0.00020110607147216797, 0.00020110607147216797, 0.00020110607147216797, 0.00020110607147216797, 0.00020110607147216797, 0.00020110607147216797, 0.00020110607147216797, 0.00020110607147216797, 0.00020110607147216797], "SAC_2_0": [0.00020110607147216797, 0.00020110607147216797, 0.00020110607147216797, 0.00020110607147216797, 0.00020110607147216797, 0.00020110607147216797, 0.00020110607147216797, 0.00020110607147216797, 0.00020110607147216797, 0.00020110607147216797], "SAC_4_0": [0.0001576542854309082, 0.0001576542854309082, 0.0001576542854309082, 0.0001576542854309082, 0.0001576542854309082, 0.0001576542854309082, 0.0001576542854309082, 0.0001576542854309082, 0.0001576542854309082, 0.0001576542854309082], "SAC_8_0": [0.00017952919006347656, 0.00017952919006347656, 0.00017952919006347656, 0.00017952919006347656, 0.00017952919006347656, 0.00017952919006347656, 0.00017952919006347656, 0.00017952919006347656, 0.00017952919006347656, 0.00017952919006347656], "SAC_5_0": [0.0002123713493347168, 0.0002123713493347168, 0.0002123713493347168, 0.0002123713493347168, 0.0002123713493347168, 0.0002123713493347168, 0.0002123713493347168, 0.0002123713493347168, 0.0002123713493347168, 0.0002123713493347168], "SAC_7_0": [0.00018447637557983398, 0.00018447637557983398, 0.00018447637557983398, 0.00018447637557983398, 0.00018447637557983398, 0.00018447637557983398, 0.00018447637557983398, 0.00018447637557983398, 0.00018447637557983398, 0.00018447637557983398], "SAC_1_0": [0.00019282102584838867, 0.00019276142120361328, 0.0001926422119140625, 0.0001925826072692871, 0.00019252300262451172, 0.00019240379333496094, 0.00019234418869018555, 0.00019228458404541016, 0.00019216537475585938, 0.00019210577011108398]}