{"SAC_9_0": [-2.5346866416344147, -2.5346866416344147, -2.5346866416344147, -2.5346866416344147, -2.5346866416344147, -2.5346866416344147, -2.5346866416344147, -2.5346866416344147, -2.5346866416344147, -2.5346866416344147], "SAC_10_0": [-2.506163234138235, -2.506132715565572, -2.5061023218187333, -2.506072052968838, -2.5060416480770584, -2.5060111070708393, -2.505980560430695, -2.5059501387333896, -2.5059195808478303, -2.505889017326689], "SAC_3_0": [-2.0621388012507174, -2.062105864088995, -2.0620730624734787, -2.0620401253164387, -2.0620072559336666, -2.0619742510093975, -2.061941381631307, -2.061908444483649, -2.0618754395664345, -2.0618425701953704], "SAC_6_0": [-2.5346866416344147, -2.5346866416344147, -2.5346866416344147, -2.5346866416344147, -2.5346866416344147, -2.5346866416344147, -2.5346866416344147, -2.5346866416344147, -2.5346866416344147, -2.5346866416344147], "SAC_2_0": [-2.534686230953928, -2.534686230953928, -2.534686230953928, -2.534686230953928, -2.534686230953928, -2.534686230953928, -2.534686230953928, -2.534686230953928, -2.534686230953928, -2.534686230953928], "SAC_4_0": [-1.626253697116503, -1.6262536969777441, -1.6262536968367234, -1.6262536966981809, -1.6262536965633891, -1.626253696419054, -1.6262536962752998, -1.626253696137195, -1.6262536959968228, -1.6262536958700353], "SAC_8_0": [-1.7700790051806625, -1.7700790601064196, -1.7700791150321553, -1.7700791724328022, -1.770079226781383, -1.7700792838934234, -1.7700793431918118, -1.7700794003038152, -1.77007945304308, -1.7700795101550446], "SAC_5_0": [-2.0905068228192816, -2.0905068228192816, -2.0905068228192816, -2.0905068228192816, -2.0905068228192816, -2.0905068228192816, -2.0905068228192816, -2.0905068228192816, -2.0905068228192816, -2.0905068228192816], "SAC_7_0": [-0.030764295177290846, -0.030764295177290846, -0.030764295177290846, -0.030764295177290846, -0.030764295177290846, -0.030764295177290846, -0.030764295177290846, -0.030764295177290846, -0.030764295177290846, -0.030764295177290846], "SAC_1_0": [-1.9656469607097076, -1.9650689544450568, -1.9644902409464917, -1.9639112277420718, -1.9633308079429763, -1.9627500200774035, -1.9621683211222611, -1.9615851602313208, -1.9610027557008574, -1.960418469604732]}