{"SAC_9_0": [23.3862598054111, 23.34970461949706, 23.346230728551745, 23.3427594024688, 23.339290689677, 23.33582471124828, 23.33236138895154, 23.328900758177042, 23.32544270157814, 23.321987360715866], "SAC_10_0": [23.306784365326166, 23.303329246118665, 23.299876764416695, 23.296426923945546, 23.292979758232832, 23.289535265415907, 23.28609350323677, 23.282654482871294, 23.27921803854406, 23.275784060359], "SAC_3_0": [23.276039814576507, 23.27261334657669, 23.269189609214664, 23.26576834358275, 23.26234989799559, 23.258933763951063, 23.25552054680884, 23.252109847962856, 23.24870166182518, 23.245296170935035], "SAC_6_0": [23.24992157332599, 23.24652387201786, 23.24312881939113, 23.239736443385482, 23.2363465372473, 23.232959197834134, 23.22957449220121, 23.22619235701859, 23.222812792286277, 23.21943575888872], "SAC_2_0": [23.216061329469085, 23.2126894146204, 23.209320034831762, 23.205953298136592, 23.202589079737663, 23.199227342382073, 23.195868127048016, 23.192511582747102, 23.18915744125843, 23.18580594472587], "SAC_4_0": [23.18846693262458, 23.185126611962914, 23.181788751855493, 23.178453616797924, 23.175120877102017, 23.171790670603514, 23.168462827801704, 23.165137633681297, 23.161814957857132, 23.158494720235467], "SAC_8_0": [23.15649297274649, 23.153176452964544, 23.149862371385098, 23.14655075594783, 23.143241750076413, 23.139935236424208, 23.13663106225431, 23.133329462260008, 23.130030184984207, 23.126733580604196], "SAC_5_0": [23.106993913650513, 23.103694202378392, 23.100396897643805, 23.09710200689733, 23.093809630721807, 23.09051979891956, 23.087232312187552, 23.08394736982882, 23.08066481165588, 23.07738475687802], "SAC_7_0": [23.09046527929604, 23.08719733916223, 23.08393186889589, 23.08066887408495, 23.077408235520124, 23.07415011152625, 23.07089427113533, 23.067640997469425, 23.064390005543828, 23.06114149466157], "SAC_1_0": [23.014510670676827, 23.011199072003365, 23.00789226219058, 23.004589203745127, 23.001249849796295, 22.997871834784746, 22.994497936218977, 22.99112986586988, 22.98776457644999, 22.98440387658775]}