{"SAC_9_0": [0.003956973552703857, 0.0039667487144470215, 0.003970623016357422, 0.003970026969909668, 0.003971993923187256, 0.003975570201873779, 0.003979623317718506, 0.003988325595855713, 0.00399857759475708, 0.004010975360870361], "SAC_10_0": [0.01611393690109253, 0.01612013578414917, 0.01612633466720581, 0.01613253355026245, 0.016138672828674316, 0.016144871711730957, 0.016151070594787598, 0.01615726947784424, 0.01616346836090088, 0.016169607639312744], "SAC_3_0": [0.0027703046798706055, 0.0027709007263183594, 0.0027714967727661133, 0.0027721524238586426, 0.0027727484703063965, 0.0027733445167541504, 0.0027740001678466797, 0.0027745962142944336, 0.0027751922607421875, 0.0027757883071899414], "SAC_6_0": [0.005292952060699463, 0.005294144153594971, 0.0052953362464904785, 0.005296528339385986, 0.005297720432281494, 0.005298912525177002, 0.00530010461807251, 0.005301296710968018, 0.005302488803863525, 0.005303680896759033], "SAC_2_0": [0.01661837100982666, 0.016624808311462402, 0.016631245613098145, 0.016637682914733887, 0.01664412021636963, 0.01665055751800537, 0.016656994819641113, 0.016663432121276855, 0.016669869422912598, 0.01667630672454834], "SAC_4_0": [0.004843473434448242, 0.00637286901473999, 0.0053061842918396, 0.007420837879180908, 0.005152404308319092, 0.006471753120422363, 0.006696105003356934, 0.00542062520980835, 0.0057716965675354, 0.004852890968322754], "SAC_8_0": [0.0019344091415405273, 0.0019392967224121094, 0.001938939094543457, 0.0019371509552001953, 0.0019403696060180664, 0.0019426941871643066, 0.0019423961639404297, 0.001941382884979248, 0.0019460320472717285, 0.0019426941871643066], "SAC_5_0": [0.02004063129425049, 0.020047307014465332, 0.019879817962646484, 0.019886493682861328, 0.019893109798431396, 0.01989978551864624, 0.019906461238861084, 0.019913136959075928, 0.01991981267929077, 0.019926488399505615], "SAC_7_0": [0.0008075833320617676, 0.000680088996887207, 0.0006006956100463867, 0.0006362795829772949, 0.0006015300750732422, 0.0006275773048400879, 0.0007772445678710938, 0.0007811188697814941, 0.0007777214050292969, 0.0006562471389770508], "SAC_1_0": [0.0018766522407531738, 0.0006088018417358398, 0.000302731990814209, 0.0005164742469787598, 0.00031000375747680664, 0.0005185604095458984, 0.00035858154296875, 0.0006815791130065918, 0.0004215240478515625, 0.0006052255630493164]}