{"SAC_9_0": [996.3155722321559, 996.3155195625282, 996.3154758979674, 996.3153713951923, 996.315381303728, 996.3155598632378, 996.3155705789453, 996.3155708785456, 996.3155764008264, 996.3155815611941], "SAC_10_0": [997.4166938680618, 997.4167376480906, 997.4167813141399, 997.4168253284523, 997.4168696229654, 997.4169138001035, 997.416958023056, 997.4170024252933, 997.4170465768187, 997.4170909175648], "SAC_3_0": [997.024267880246, 997.0242944167197, 997.0243208275044, 997.0243471590811, 997.0243734637543, 997.0243997507678, 997.0244259726372, 997.0244522246239, 997.0244783293881, 997.0245042196756], "SAC_6_0": [997.200833193279, 997.200858503251, 997.2007485162438, 997.2007809479691, 997.2008597839986, 997.200979849765, 997.2011037155028, 997.20119559966, 997.2012340191931, 997.2012647343071], "SAC_2_0": [997.4004675953777, 997.4004721694721, 997.4004767193534, 997.4004812749354, 997.4004858127821, 997.4004903430198, 997.4004948524266, 997.4004993464279, 997.4005038260527, 997.4005082584077], "SAC_4_0": [997.2357101188859, 997.2344047335363, 997.2353299913694, 997.2427130431057, 997.2361057947436, 997.2415922452357, 997.2391819595255, 997.2374975997325, 997.237666957042, 997.2362517910276], "SAC_8_0": [997.5430084299861, 997.5430473188154, 997.5431719130347, 997.5431581997486, 997.5431353648049, 997.5431978511659, 997.543187260929, 997.54318391231, 997.5432478934958, 997.5432282885904], "SAC_5_0": [996.4684184377697, 996.4691030267046, 996.4706815644515, 996.4681037488599, 996.4689296964366, 996.4681609552699, 996.4680177022817, 996.4685838770549, 996.4688880792428, 996.4691515549916], "SAC_7_0": [996.7862909952008, 996.7851222485743, 996.7832044483215, 996.7832113804238, 996.781095755321, 996.7823366532942, 996.7847670424384, 996.7860074004104, 996.7877561507348, 996.7859866538607], "SAC_1_0": [996.8845319258952, 996.8843422411436, 996.8865359085719, 996.8824583608662, 996.8874705910858, 996.8888579430898, 996.8818503583645, 996.882512129439, 996.8806739131038, 996.8815865569111]}