{"SAC_9_0": [23.662304712459445, 23.65840802527964, 23.654534425586462, 23.65064467303455, 23.646816140040755, 23.643079357221723, 23.63924222253263, 23.635384000837803, 23.631529934704304, 23.62766420096159], "SAC_10_0": [24.105105651542544, 24.10150627605617, 24.097908629104495, 24.094314396381378, 24.090723110362887, 24.087134348228574, 24.083548083901405, 24.079963970929384, 24.07638232409954, 24.07280308380723], "SAC_3_0": [23.85397159308195, 23.850146954879165, 23.846325308084488, 23.842506693676114, 23.838690731674433, 23.83487713895738, 23.831066332757473, 23.827256871387362, 23.82344840466976, 23.81964260339737], "SAC_6_0": [24.111798763275146, 24.108246978372335, 24.104628160595894, 24.1010866407305, 24.097573855891824, 24.094082368537784, 24.09059301391244, 24.08708693087101, 24.08356342278421, 24.080042235553265], "SAC_2_0": [24.023162657395005, 24.01958286203444, 24.016004592180252, 24.0124288816005, 24.00885540060699, 24.005283802747726, 24.001714615151286, 23.99814809858799, 23.994582632556558, 23.991019263863564], "SAC_4_0": [24.016163719817996, 24.015724703669548, 24.01069499179721, 24.01631623879075, 24.003333896398544, 24.006746158003807, 24.00186655111611, 23.994676776230335, 23.99223347567022, 23.98582497239113], "SAC_8_0": [24.219828985631466, 24.216233240440488, 24.21262946911156, 24.209061685949564, 24.20549555681646, 24.202725440263748, 24.198227684944868, 24.19465445354581, 24.19119801558554, 24.18885507248342], "SAC_5_0": [23.454487275332212, 23.45101809129119, 23.44725590199232, 23.443772146478295, 23.440666794776917, 23.437043642625213, 23.433516699820757, 23.430188173428178, 23.426827078685164, 23.423443023115396], "SAC_7_0": [23.2413565851748, 23.23765960894525, 23.233143765479326, 23.229412203654647, 23.2257676217705, 23.22236966714263, 23.21956173144281, 23.216315703466535, 23.212828850373626, 23.208828093484044], "SAC_1_0": [23.054228890687227, 23.049593336880207, 23.046555511653423, 23.040245639160275, 23.03893716260791, 23.035748083144426, 23.028065832331777, 23.02382653579116, 23.01941030845046, 23.01634581387043]}