{"SAC_9_0": [4.76837158203125e-07, 4.76837158203125e-07, 4.76837158203125e-07, 4.76837158203125e-07, 4.76837158203125e-07, 4.76837158203125e-07, 4.76837158203125e-07, 4.76837158203125e-07, 4.76837158203125e-07, 4.76837158203125e-07], "SAC_10_0": [2.205371856689453e-06, 2.205371856689453e-06, 2.086162567138672e-06, 2.0265579223632812e-06, 1.9669532775878906e-06, 1.9669532775878906e-06, 1.9073486328125e-06, 5.960464477539062e-07, 2.86102294921875e-06, 2.1457672119140625e-06], "SAC_3_0": [0.0, 0.0, 0.0, 0.0, 0.0, 0.0, 0.0, 0.0, 0.0, 0.0], "SAC_6_0": [1.5497207641601562e-06, 1.5497207641601562e-06, 1.5497207641601562e-06, 1.5497207641601562e-06, 1.5497207641601562e-06, 1.5497207641601562e-06, 1.5497207641601562e-06, 1.5497207641601562e-06, 1.5497207641601562e-06, 1.5497207641601562e-06], "SAC_2_0": [6.854534149169922e-06, 6.854534149169922e-06, 6.854534149169922e-06, 6.854534149169922e-06, 6.854534149169922e-06, 6.854534149169922e-06, 6.854534149169922e-06, 6.854534149169922e-06, 6.854534149169922e-06, 6.854534149169922e-06], "SAC_4_0": [2.980232238769531e-07, 2.980232238769531e-07, 2.980232238769531e-07, 2.980232238769531e-07, 2.980232238769531e-07, 2.980232238769531e-07, 2.980232238769531e-07, 2.980232238769531e-07, 2.980232238769531e-07, 2.384185791015625e-07], "SAC_8_0": [2.384185791015625e-07, 2.384185791015625e-07, 2.384185791015625e-07, 2.384185791015625e-07, 2.384185791015625e-07, 2.384185791015625e-07, 1.7881393432617188e-07, 1.7881393432617188e-07, 1.7881393432617188e-07, 1.7881393432617188e-07], "SAC_5_0": [5.960464477539063e-08, 5.960464477539063e-08, 5.960464477539063e-08, 5.960464477539063e-08, 5.960464477539063e-08, 5.960464477539063e-08, 5.960464477539063e-08, 5.960464477539063e-08, 5.960464477539063e-08, 5.960464477539063e-08], "SAC_7_0": [7.62939453125e-05, 7.635354995727539e-05, 7.641315460205078e-05, 7.647275924682617e-05, 7.653236389160156e-05, 7.659196853637695e-05, 7.665157318115234e-05, 7.665157318115234e-05, 7.671117782592773e-05, 7.677078247070312e-05], "SAC_1_0": [4.172325134277344e-07, 4.172325134277344e-07, 4.76837158203125e-07, 4.76837158203125e-07, 4.76837158203125e-07, 4.76837158203125e-07, 4.76837158203125e-07, 4.76837158203125e-07, 4.76837158203125e-07, 4.76837158203125e-07]}