{"SAC_9_0": [902.9188854879189, 902.9197877146706, 902.920702357081, 902.9216151932521, 902.92253358566, 902.9234581390716, 902.9243795171037, 902.9252991680903, 902.9262311119205, 902.9271709869746], "SAC_10_0": [908.5943539618874, 908.5962872555349, 908.5983089989654, 908.6002812788516, 908.602064116417, 908.6039813318838, 908.6059817165811, 908.6114176180128, 908.6104525541991, 908.6125069858476], "SAC_3_0": [927.408790907265, 927.4090547171908, 927.4093209877641, 927.4095890279038, 927.4099623903803, 927.4103819735221, 927.4107935625827, 927.4112049466141, 927.4116186512381, 927.4120348188596], "SAC_6_0": [907.7063997948968, 907.7063899779275, 907.7063797691881, 907.7063693014799, 907.7063588745078, 907.7063485571692, 907.7063382868271, 907.7063298609992, 907.7063259426228, 907.7063219520447], "SAC_2_0": [889.0667399488086, 889.0666233737664, 889.0665027481185, 889.0663767268474, 889.0662467851245, 889.0661143788465, 889.0659865955852, 889.0658619963698, 889.0658038580752, 889.0657893408528], "SAC_4_0": [939.8401369248235, 939.840603734769, 939.841094748502, 939.8416101332037, 939.8421491077937, 939.8427248217429, 939.843341974508, 939.8439355281777, 939.8444762200988, 939.8456557837978], "SAC_8_0": [945.0057330516843, 945.0053785095593, 945.0050226397607, 945.0046665047277, 945.004310951589, 945.0039547461031, 945.0035994492113, 945.003244372053, 945.0028888945149, 945.0025353597647], "SAC_5_0": [903.3627993800015, 903.3641054654935, 903.36536378564, 903.3666255451876, 903.3678893536978, 903.3691782599078, 903.3704415618307, 903.3717043946577, 903.3729659829755, 903.3742353604141], "SAC_7_0": [911.0527925752642, 911.0549647628725, 911.0571623172833, 911.0593802820165, 911.061622411235, 911.0638846903636, 911.0661790859543, 911.0684906071781, 911.0708420440146, 911.0732106995546], "SAC_1_0": [896.2349723099596, 896.2341149296575, 896.237098168052, 896.2355638140976, 896.2024607388479, 896.2116798161564, 896.2179022740953, 896.2148750568974, 896.2124038531152, 896.2040463452552]}