{"SAC_9_0": [23.752535853534937, 23.748988574370742, 23.745436090976, 23.74188745394349, 23.738341830670834, 23.734799096360803, 23.73125983402133, 23.727723440155387, 23.724188754335046, 23.720657473430037], "SAC_10_0": [23.79014296643436, 23.786566557362676, 23.783159969374537, 23.779636101797223, 23.775815004482865, 23.772192653268576, 23.768714046105742, 23.764711434021592, 23.761872094124556, 23.758715752512217], "SAC_3_0": [23.82320498675108, 23.819714207202196, 23.81622613593936, 23.812740739434958, 23.80925852060318, 23.80577914044261, 23.802302731201053, 23.79882912710309, 23.795358264818788, 23.79189004562795], "SAC_6_0": [23.80730121023953, 23.803800605237484, 23.800302593037486, 23.796806920319796, 23.793314058333635, 23.78982364758849, 23.78633590787649, 23.78285137936473, 23.779370529577136, 23.775892168283463], "SAC_2_0": [23.07963414117694, 23.076233895495534, 23.072836274281144, 23.069440750405192, 23.066047500818968, 23.062656888738275, 23.05926881544292, 23.055883560329676, 23.052501479163766, 23.049122581258416], "SAC_4_0": [23.343819353729486, 23.3405029065907, 23.337184151634574, 23.333865731954575, 23.33055760897696, 23.327261116355658, 23.323977783322334, 23.320695059373975, 23.317409101873636, 23.314264064654708], "SAC_8_0": [23.637088844552636, 23.63371982984245, 23.630351265892386, 23.62698368355632, 23.62361754104495, 23.620251785963774, 23.616888681426644, 23.613529494032264, 23.610172506421804, 23.606817189604044], "SAC_5_0": [23.522438045591116, 23.519068118184805, 23.515691742300987, 23.512352058663964, 23.508965138345957, 23.505603121593595, 23.50223931670189, 23.49888326227665, 23.49553581699729, 23.49218192882836], "SAC_7_0": [22.97591775469482, 22.972630940377712, 22.96934694610536, 22.96606499515474, 22.962785750627518, 22.959508918225765, 22.956234384328127, 22.95296256057918, 22.949693424627185, 22.9464268386364], "SAC_1_0": [22.94229237921536, 22.93998865969479, 22.93953726813197, 22.938778342679143, 22.936406502500176, 22.937100192531943, 22.93625027500093, 22.933974765241146, 22.931430980563164, 22.927506616339087]}