{"SAC_9_0": [7.2884185628173785, 7.2883658931895035, 7.288322228629713, 7.288217725854425, 7.288227634389338, 7.288406193899409, 7.288416909607221, 7.288417209207398, 7.288422731488077, 7.288427891855293], "SAC_10_0": [8.389540198724955, 8.38958397875278, 8.389627644801818, 8.389671659114747, 8.389715953628157, 8.389760130766003, 8.389804353718327, 8.389848755955695, 8.38989290748101, 8.389937248226971], "SAC_3_0": [7.9971142109077995, 7.997140747381978, 7.997167158166784, 7.99719348974384, 7.997219794415953, 7.9972460814302675, 7.997272303299797, 7.997298555286047, 7.997324660050273, 7.997350550337445], "SAC_6_0": [8.173679523941116, 8.173704833913465, 8.17359484690603, 8.173627278631013, 8.1737061146612, 8.173826180428009, 8.173950046165077, 8.174041930321666, 8.174080349854803, 8.174111064970198], "SAC_2_0": [8.373313926039753, 8.373318500133893, 8.373323050015395, 8.373327605596362, 8.37333214344378, 8.373336673681829, 8.373341183088835, 8.373345677089464, 8.373350156714585, 8.373354589069846], "SAC_4_0": [8.208556449547759, 8.207251064198989, 8.208176322032289, 8.215559373768004, 8.208952125406098, 8.214438575897855, 8.212028290187266, 8.21034393039486, 8.210513287704874, 8.209098121690072], "SAC_8_0": [8.515854760647548, 8.51589364947713, 8.516018243697106, 8.516004530410413, 8.515981695466563, 8.516044181827642, 8.516033591591174, 8.516030242971098, 8.516094224157127, 8.516074619252658], "SAC_5_0": [7.441264768431876, 7.441949357367105, 7.443527895114221, 7.440950079521956, 7.44177602709958, 7.441007285932312, 7.440864032944428, 7.441430207717027, 7.4417344099056, 7.4419978856540965], "SAC_7_0": [7.759137325861824, 7.757968579236179, 7.7560507789826785, 7.756057711085364, 7.7539420859813974, 7.755182983955743, 7.757613373099939, 7.7588537310725245, 7.760602481396766, 7.758832984522754], "SAC_1_0": [7.857378256556695, 7.8571885718063, 7.859382239233822, 7.855304691529371, 7.86031692174795, 7.8617042737509655, 7.854696689026747, 7.855358460101083, 7.853520243766109, 7.854432887572941]}