{"SAC_9_0": [0.022137045860290527, 0.022139668464660645, 0.022142231464385986, 0.022144794464111328, 0.022146940231323242, 0.022149384021759033, 0.022152066230773926, 0.022154569625854492, 0.022157251834869385, 0.02215874195098877], "SAC_10_0": [0.03394871950149536, 0.033958375453948975, 0.03396791219711304, 0.033977508544921875, 0.03398710489273071, 0.033996641635894775, 0.03400629758834839, 0.03401589393615723, 0.034025490283966064, 0.0340350866317749], "SAC_3_0": [0.00012260675430297852, 0.00012290477752685547, 0.00012320280075073242, 0.00012350082397460938, 0.00012379884719848633, 0.00012409687042236328, 0.00012439489364624023, 0.0001246929168701172, 0.00012499094009399414, 0.0001252889633178711], "SAC_6_0": [0.00950157642364502, 0.009630084037780762, 0.010109305381774902, 0.010174334049224854, 0.00970393419265747, 0.009828746318817139, 0.010021030902862549, 0.010120093822479248, 0.009632647037506104, 0.009383022785186768], "SAC_2_0": [0.021974384784698486, 0.021972954273223877, 0.021971464157104492, 0.021969974040985107, 0.021968483924865723, 0.02196735143661499, 0.021966636180877686, 0.021966278553009033, 0.021967411041259766, 0.021963417530059814], "SAC_4_0": [0.00780254602432251, 0.0078043341636657715, 0.007802069187164307, 0.00780487060546875, 0.007803738117218018, 0.007712125778198242, 0.007806718349456787, 0.0077721476554870605, 0.007754802703857422, 0.007786989212036133], "SAC_8_0": [0.01688683032989502, 0.016899824142456055, 0.016912341117858887, 0.016924917697906494, 0.016937613487243652, 0.016950488090515137, 0.016963601112365723, 0.01697671413421631, 0.01698988676071167, 0.017003417015075684], "SAC_5_0": [2.199411392211914e-05, 3.4570693969726562e-06, 4.827976226806641e-06, 1.3470649719238281e-05, 2.276897430419922e-05, 1.1026859283447266e-05, 7.271766662597656e-06, 2.5033950805664062e-06, 5.716085433959961e-05, 5.9604644775390625e-06], "SAC_7_0": [0.00010967254638671875, 0.004513263702392578, 0.004294216632843018, 0.00011926889419555664, 0.00037789344787597656, 0.0010811686515808105, 0.003948569297790527, 0.003959000110626221, 0.0034810900688171387, 0.005190432071685791], "SAC_1_0": [1.4422491788864136, 1.4491694569587708, 1.4554706513881683, 1.4591042697429657, 1.4628441035747528, 1.4645457863807678, 1.472540020942688, 1.4687341451644897, 1.471395879983902, 1.472438782453537]}