{"SAC_9_0": [997.2763038737014, 997.2763572429045, 997.2764102869485, 997.276463475541, 997.2765011467025, 997.2765500329278, 997.276604096516, 997.2766443040024, 997.2766880343627, 997.2767136997998], "SAC_10_0": [997.2244709732114, 997.2245136318178, 997.2245542332804, 997.2246047241093, 997.2246539212304, 997.2246994550352, 997.224745179038, 997.2247904675878, 997.2248358781569, 997.2248813810212], "SAC_3_0": [997.5988028886239, 997.5988336566642, 997.5988643756639, 997.5988951575011, 997.5989259359523, 997.5989566905365, 997.5989875417092, 997.5990183994164, 997.599049238078, 997.5990800640858], "SAC_6_0": [997.2188148496527, 997.2476702517752, 997.2195304144506, 997.2182727245249, 997.2170282482285, 997.218351968967, 997.2133344006194, 997.2164048266055, 997.2310638631247, 997.2227411621107], "SAC_2_0": [996.905257634306, 996.9055670466993, 996.9059065871153, 996.9062526554909, 996.9065922396677, 996.9069552384268, 996.907343914581, 996.9076861823369, 996.907910033953, 996.9078418101329], "SAC_4_0": [997.0986141978269, 997.0986643762184, 997.0986857677389, 997.0987464369371, 997.0987792611505, 997.0991218689062, 997.0989074825701, 997.0988694979611, 997.0992825231359, 997.0990337400599], "SAC_8_0": [997.4935843591912, 997.493558851336, 997.4935387248296, 997.4935255416875, 997.4935086584716, 997.4934952890763, 997.4934844198361, 997.4934751765563, 997.493463791948, 997.493461756082], "SAC_5_0": [996.9850433780526, 996.9843133468963, 996.9854090481147, 996.9857355818382, 996.9854657425366, 996.9853086004694, 996.9859706016654, 996.9857414633591, 996.9848601977051, 996.9856251711459], "SAC_7_0": [996.442230777257, 996.4043429559823, 996.3975574252727, 996.4369413641507, 996.4020874542654, 996.4599883473056, 996.400594548777, 996.3960135777215, 996.392982715646, 996.3965085738957], "SAC_1_0": [989.027153669338, 989.0386278310863, 989.0492066892604, 989.0529600795683, 989.0559987373078, 989.0565775188729, 989.0624977151602, 989.0581619791784, 989.064826790577, 989.0640204330036]}