{"SAC_9_0": [8.249150204363223, 8.24920357356648, 8.249256617610568, 8.249309806203543, 8.249347477365152, 8.24939636358989, 8.249450427177035, 8.249490634663973, 8.249534365024456, 8.249560030460575], "SAC_10_0": [8.197317303873733, 8.197359962480121, 8.197400563941473, 8.197451054771244, 8.197500251891867, 8.197545785697491, 8.197591509699368, 8.197636798249679, 8.197682208818367, 8.197727711682646], "SAC_3_0": [8.57164921928658, 8.571679987325254, 8.571710706326073, 8.571741488162933, 8.571772266614618, 8.571803021198683, 8.571833872370092, 8.571864730078122, 8.571895568739773, 8.571926394746981], "SAC_6_0": [8.191661180314311, 8.220516582436352, 8.19237674511237, 8.191119055187306, 8.189874578889468, 8.191198299628963, 8.186180731280752, 8.18925115726687, 8.203910193786228, 8.195587492773548], "SAC_2_0": [7.878103964967753, 7.8784133773629845, 7.878752917777683, 7.879098986153605, 7.879438570330117, 7.879801569089594, 7.88019024524278, 7.880532512998807, 7.88075636461461, 7.880688140795851], "SAC_4_0": [8.071460528489474, 8.071510706879396, 8.071532098402452, 8.071592767599391, 8.071625591812682, 8.071968199568905, 8.071753813232611, 8.071715828624134, 8.07212885379784, 8.071880070723667], "SAC_8_0": [8.466430689852569, 8.466405181998221, 8.466385055491978, 8.46637187234902, 8.466354989133439, 8.466341619739223, 8.466330750498184, 8.466321507217717, 8.466310122610187, 8.466308086743748], "SAC_5_0": [7.957889708715437, 7.957159677558687, 7.958255378777139, 7.958581912500225, 7.958312073198889, 7.958154931131731, 7.958816932327588, 7.958587794021943, 7.957706528366294, 7.958471501807385], "SAC_7_0": [7.415077107920036, 7.377189286644401, 7.370403755933492, 7.409787694812216, 7.374933784928305, 7.43283467796628, 7.37344087943988, 7.368859908382625, 7.365829046307185, 7.369354904557408], "SAC_1_0": [2.053732184315038e-12, 0.05897034461400079, 0.02204696879246907, 0.07322469046491428, 0.028838074775336016, 0.07684627252363854, 0.03537303111058081, 0.07847952472244596, 0.037599622738752315, 0.08437424305583852]}