{"SAC_9_0": [24.618613183498383, 24.61472306586802, 24.610836097970605, 24.606952246278524, 24.60307260043919, 24.599196741357446, 24.59532297961414, 24.591447308659554, 24.587577417492867, 24.58370240777731], "SAC_10_0": [24.40249751135707, 24.39813930913806, 24.39371440000832, 24.389545381069183, 24.385358653962612, 24.38110302016139, 24.37683666497469, 24.37256515584886, 24.36829300969839, 24.364017313346267], "SAC_3_0": [25.11018192395568, 25.10622858069837, 25.10227824561298, 25.09833080507815, 25.0943859256804, 25.090444710105658, 25.086506402119994, 25.082570903003216, 25.078638296574354, 25.074708577245474], "SAC_6_0": [24.780068565160036, 24.844061251729727, 24.771821949630976, 24.763734377920628, 24.75847079232335, 24.755791638046503, 24.745316736400127, 24.74816063977778, 24.770098539069295, 24.74844685010612], "SAC_2_0": [24.21679431386292, 24.213236030191183, 24.209691721946, 24.206138687208295, 24.202573787420988, 24.199057096615434, 24.195575669407845, 24.192125471308827, 24.18886989913881, 24.185075445100665], "SAC_4_0": [24.672673497349024, 24.66889963671565, 24.665096381679177, 24.661330541595817, 24.65758530050516, 24.654295582324266, 24.6500856410712, 24.646186523139477, 24.6430586874485, 24.638836046680808], "SAC_8_0": [24.420920316129923, 24.417109347879887, 24.4133174251765, 24.409529004245996, 24.405737744644284, 24.40192728303373, 24.398116067051888, 24.39430832117796, 24.39050117507577, 24.386696480214596], "SAC_5_0": [24.584266616031528, 24.580536976456642, 24.578324234113097, 24.574664751067758, 24.569627095013857, 24.565943656489253, 24.563102373853326, 24.55892209894955, 24.553378719836473, 24.5508276168257], "SAC_7_0": [23.899642009288073, 23.90884304791689, 23.9011214915663, 23.897644381970167, 23.88664721697569, 23.880106382071972, 23.89683467335999, 23.890834107995033, 23.871646305546165, 23.88034426793456], "SAC_1_0": [14.339797679334879, 14.333677751943469, 14.333847338333726, 14.327121999114752, 14.3270461615175, 14.320001659914851, 14.319899059832096, 14.310228075832129, 14.309409979730844, 14.302709273993969]}